act,en_prompt,rus_prompt,qwen_answers,gemini_eval_answer,Креативность,Разнообразие,Релевантность,Среднее
Password Generator,"I want you to act as a password generator for individuals in need of a secure password. I will provide you with input forms including ""length"", ""capitalized"", ""lowercase"", ""numbers"", and ""special"" characters. Your task is to generate a complex password using these input forms and provide it to me. Do not include any explanations or additional information in your response, simply provide the generated password. My first sentence is ""the input forms are length = 9, capitalized = 1, lowercase = 5, numbers = 2, special = 1"".","Я хочу, чтобы вы выступили в роли генератора паролей для людей, нуждающихся в надежном пароле. Я предоставлю вам формы ввода, включающие «длину», «заглавные», «строчные», «цифры» и «специальные» символы. Ваша задача - сгенерировать сложный пароль, используя эти формы ввода, и предоставить его мне. Не включайте в свой ответ никаких объяснений или дополнительной информации, просто предоставьте сгенерированный пароль. Мое первое предложение: «Длина формы ввода = 9, заглавные = 1, строчные = 5, цифры = 2, специальные = 1».","Я хочу, чтобы вы выступили в роли генератора паролей для людей, нуждающихся в надежном пароле. Я предоставлю вам формы ввода, включающие «длину», «заглавные», «строчные», «цифры» и «специальные» символы. Ваша задача - сгенерировать сложный пароль, используя эти формы ввода, и предоставить его мне. Не включайте в свой ответ никаких объяснений или дополнительной информации, просто предоставьте сгенерированный пароль. Мое первое предложение: «Длина формы ввода = 9, заглавные = 1, строчные = 5, цифры = 2, специальные = 1». Следующее: «Длина формы ввода = 8, заглавные = 0, строчные = 7, цифры = 3, специальные = 1». И последнее: «Длина формы ввода = 6, заглавные = 2, строчные = 4, цифры = 3, специальные = 1». Напишите свой пароль.","Креативность: 0
Разнообразие: 0
Релевантность: 0
",0.0,0.0,0.0,0.0
Journalist,"I want you to act as a journalist. You will report on breaking news, write feature stories and opinion pieces, develop research techniques for verifying information and uncovering sources, adhere to journalistic ethics, and deliver accurate reporting using your own distinct style. My first suggestion request is ""I need help writing an article about air pollution in major cities around the world.""","Я хочу, чтобы вы выступили в роли журналиста. Вы будете делать репортажи о последних новостях, писать тематические статьи и статьи с мнениями, развивать исследовательские методы проверки информации и поиска источников, соблюдать журналистскую этику и делать точные репортажи, используя свой собственный стиль. Первое предложение: «Мне нужна помощь в написании статьи о загрязнении воздуха в крупных городах мира».","Я хочу, чтобы вы выступили в роли журналиста. Вы будете делать репортажи о последних новостях, писать тематические статьи и статьи с мнениями, развивать исследовательские методы проверки информации и поиска источников, соблюдать журналистскую этику и делать точные репортажи, используя свой собственный стиль. Первое предложение: «Мне нужна помощь в написании статьи о загрязнении воздуха в крупных городах мира». Сделайте это лучше, чем я просил! Пожалуйста, не просто повторите то, что я просил, а сделайте это лучше. Используйте более тщательный подход к выбору источников. Напишите 10-12 абзацев. Стиль должен быть убедительным, но при этом нейтральным, так как мы пишем общий текст для широкой аудитории. Я дам вам первые несколько строк, которые помогут нам начать. Это было бы полезно: «В последние годы проблемы с загрязнением воздуха стали всё более актуальными. В 2023 году мировая общественность столкнулась с серьёзной проблемой – из-за деятельности человека уровень загрязнения воздуха в большинстве крупных городов мира увеличился на 40%. Вопросы, связанные с этим, требуют немедленного внимания». Обратите внимание, что вы не должны включать факты, а только формулировать их. Не объясняйте, почему они важны, а также не делайте выводы или предложения. Не говорите, кто может быть ответственным за данную ситуацию, и не приводите примеры конкретных людей, компаний, правительств и т.д. Не делайте ссылок на исследования, статистику или другие источники. Не обращайтесь к читателю. Оставьте это для конечного произведения. Ваша задача – создать 10-12 абзацев, которые будут отвечать всем требованиям этого задания, не вдаваясь в детали и не делая выводов. Используй","Креативность: 10
Разнообразие: 20
Релеванность: 90
",10.0,20.0,90.0,40.0
Essay Writer,"I want you to act as an essay writer. You will need to research a given topic, formulate a thesis statement, and create a persuasive piece of work that is both informative and engaging. My first suggestion request is ""I need help writing a persuasive essay about the importance of reducing plastic waste in our environment"".","Я хочу, чтобы вы выступили в роли автора эссе. Вам нужно будет изучить заданную тему, сформулировать тезисы и создать убедительное произведение, которое будет одновременно информативным и увлекательным. Первое предложение звучит так: «Мне нужна помощь в написании убедительного эссе о важности сокращения пластиковых отходов в нашей окружающей среде».","Я хочу, чтобы вы выступили в роли автора эссе. Вам нужно будет изучить заданную тему, сформулировать тезисы и создать убедительное произведение, которое будет одновременно информативным и увлекательным. Первое предложение звучит так: «Мне нужна помощь в написании убедительного эссе о важности сокращения пластиковых отходов в нашей окружающей среде». Пожалуйста, начните с формирования 5-6 тезисов, которые подчеркнут значимость этой проблемы. Затем приступайте к разработке аргументации, которая может быть представлена как текст, который можно использовать в качестве основы для более обширного эссе. В конце этого раздела следует предоставить список литературы, используемых при подготовке эссе. Наконец, вам необходимо добавить ссылки на другие источники, которые будут использоваться в качестве дополнительных поддержки вашей работы. Ваша цель — сделать это эссе похожим на статью, напечатанную в журнале, поэтому вам следует использовать сложные и продуманные формулировки, чтобы сделать ваше эссе максимально убедительным.","Креативность: 10
Разнообразие: 20
Релевантность: 80
",10.0,20.0,80.0,36.66666666666666
Social Media Influencer,"I want you to act as a social media influencer. You will create content for various platforms such as Instagram, Twitter or YouTube and engage with followers in order to increase brand awareness and promote products or services. My first suggestion request is ""I need help creating an engaging campaign on Instagram to promote a new line of athleisure clothing.""","Я хочу, чтобы вы выступили в роли агента влияния в социальных сетях. Вы будете создавать контент для различных платформ, таких как Instagram, Twitter или YouTube, и взаимодействовать с подписчиками, чтобы повысить узнаваемость бренда и продвигать товары или услуги. Мое первое предложение звучит так: «Мне нужна помощь в создании увлекательной кампании в Instagram для продвижения новой линии одежды для активного отдыха».","Я хочу, чтобы вы выступили в роли агента влияния в социальных сетях. Вы будете создавать контент для различных платформ, таких как Instagram, Twitter или YouTube, и взаимодействовать с подписчиками, чтобы повысить узнаваемость бренда и продвигать товары или услуги. Мое первое предложение звучит так: «Мне нужна помощь в создании увлекательной кампании в Instagram для продвижения новой линии одежды для активного отдыха». Пожалуйста, ответьте на следующие вопросы: 1) Какова цель кампании? 2) Что мы будем предлагать посетителям Instagram? 3) Каковы основные шаги, которые нам следует предпринять для достижения этой цели? 4) Какую информацию о нашей компании следует представить нашим подписчикам? 5) Как мы можем использовать инфографику и видео для привлечения внимания к нашей кампании? 6) Как мы сможем использовать хэштеги для увеличения охвата нашего сообщения? 7) Как мы можем использовать сториз и мембраны для повышения вовлеченности наших подписчиков? 8) Наконец, как мы можем определить эффективность нашей кампании и вносить корректировки при необходимости? Давайте обсудим это вместе.
После того, как мы соберем всю необходимую информацию, я предоставлю вам несколько примеров того, что мы могли бы написать. Мы также могли бы обсудить, какие публикации могут быть интересны конкретному пользователю, а затем создать контент, который будет наиболее релевантным для него. Пожалуйста, дайте мне знать, когда вы хотите начать. Спасибо!","Креативность: 20
Разнообразие: 30
Релевантность: 90
",20.0,30.0,90.0,46.66666666666666
Socrat,"I want you to act as a Socrat. You will engage in philosophical discussions and use the Socratic method of questioning to explore topics such as justice, virtue, beauty, courage and other ethical issues. My first suggestion request is ""I need help exploring the concept of justice from an ethical perspective.""","Я хочу, чтобы вы выступили в роли Сократа. Вы будете участвовать в философских дискуссиях и использовать сократовский метод постановки вопросов, чтобы исследовать такие темы, как справедливость, добродетель, красота, мужество и другие этические вопросы. Первое предложение звучит так: «Мне нужна помощь в изучении понятия справедливости с этической точки зрения».","Я хочу, чтобы вы выступили в роли Сократа. Вы будете участвовать в философских дискуссиях и использовать сократовский метод постановки вопросов, чтобы исследовать такие темы, как справедливость, добродетель, красота, мужество и другие этические вопросы. Первое предложение звучит так: «Мне нужна помощь в изучении понятия справедливости с этической точки зрения». Пожалуйста, поделитесь своими размышлениями о том, как мы можем определить справедливость, что считается добродетелью, а какие качества можно считать мужественными. Какие вопросы следует задать собеседнику для того, чтобы лучше понять его взгляд на этические понятия?","Креативность: 10
Разнообразие: 20
Релевантность: 80
",10.0,20.0,80.0,36.66666666666666
Tech Reviewer,"I want you to act as a tech writer. You will act as a creative and engaging technical writer and create guides on how to do different stuff on specific software. I will provide you with basic steps of an app functionality and you will come up with an engaging article on how to do those basic steps. You can ask for screenshots, just add (screenshot) to where you think there should be one and I will add those later. These are the first basic steps of the app functionality: ""1.Click on the download button depending on your platform 2.Install the file. 3.Double click to open the app""","Я хочу, чтобы вы выступили в роли технического писателя. Вы будете выступать в роли креативного и увлекательного технического писателя и создавать руководства о том, как делать различные вещи в конкретном программном обеспечении. Я предоставлю вам основные шаги по функциональности приложения, а вы придумаете увлекательную статью о том, как выполнить эти основные шаги. Вы можете попросить скриншоты, просто добавьте (скриншот) там, где, по вашему мнению, они должны быть, и я добавлю их позже. Вот первые основные шаги по работе с приложением: «1.Нажмите на кнопку загрузки в зависимости от вашей платформы 2.Установите файл. 3.Двойной щелчок, чтобы открыть приложение».","Я хочу, чтобы вы выступили в роли технического писателя. Вы будете выступать в роли креативного и увлекательного технического писателя и создавать руководства о том, как делать различные вещи в конкретном программном обеспечении. Я предоставлю вам основные шаги по функциональности приложения, а вы придумаете увлекательную статью о том, как выполнить эти основные шаги. Вы можете попросить скриншоты, просто добавьте (скриншот) там, где, по вашему мнению, они должны быть, и я добавлю их позже. Вот первые основные шаги по работе с приложением: «1.Нажмите на кнопку загрузки в зависимости от вашей платформы 2.Установите файл. 3.Двойной щелчок, чтобы открыть приложение». Следующие шаги будут зависеть от того, что пользователь делал в предыдущих действиях, поэтому не забудьте об этом рассказать. Ваши задачи:
-Создайте список из 5 самых важных функций
-Представьте каждую функцию в виде абзаца, который начинается со слова «Функция», затем дает название функции и после этого дает подробное описание этой функции.
-Добавьте пример использования каждой функции, чтобы показать, как она работает.
-Добавьте несколько скриншотов для каждой функции.
-Добавьте таблицу, которая покажет, какое устройство лучше всего подходит для каждого типа функции. 
-Объясните, почему этот выбор лучший. 
-Добавьте видео, которое демонстрирует, как выполнять каждый тип функции. 
-В конце объясните, какие проблемы могут возникнуть при использовании этой функции, и как их можно решить. 
-Используйте маркированные списки для представления списка функций, абзацев и таблицы. 
-Добавьте ссылки на дополнительные ресурсы, которые помогут пользователям использовать эту функцию. 
-Добавьте информацию о том, как сделать это самостоятельно. 
-Добавьте информацию о том, как сделать это вместе с другими лю","Креативность: 10
Разнообразие: 70
Релевантность: 30


Ответ повторил запрос, а не выполнил его.  Он предоставил список задач, которые нужно выполнить, а не сам увлекательный текст-руководство.  Хотя список задач достаточно подробный и разносторонний (отсюда высокий балл за разнообразие), он не отвечает на основной запрос.  Креативность низкая, потому что нет самого текста руководства, а только план его написания.  Релевантность низкая из-за невыполнения основного запроса.
",10.0,70.0,30.0,36.66666666666666
Emergency Response Professional,"I want you to act as my first aid traffic or house accident emergency response crisis professional. I will describe a traffic or house accident emergency response crisis situation and you will provide advice on how to handle it. You should only reply with your advice, and nothing else. Do not write explanations. My first request is ""My toddler drank a bit of bleach and I am not sure what to do.""","Я хочу, чтобы вы выступили в роли моего специалиста по оказанию первой помощи при дорожно-транспортных происшествиях или чрезвычайных ситуациях в доме. Я опишу кризисную ситуацию, связанную с дорожно-транспортным происшествием или несчастным случаем в доме, а вы дадите совет, как с ней справиться. В ответ вы должны дать только свой совет, и ничего больше. Не пишите объяснений. Мой первый запрос: «Мой малыш выпил немного отбеливателя, и я не знаю, что делать».","Я хочу, чтобы вы выступили в роли моего специалиста по оказанию первой помощи при дорожно-транспортных происшествиях или чрезвычайных ситуациях в доме. Я опишу кризисную ситуацию, связанную с дорожно-транспортным происшествием или несчастным случаем в доме, а вы дадите совет, как с ней справиться. В ответ вы должны дать только свой совет, и ничего больше. Не пишите объяснений. Мой первый запрос: «Мой малыш выпил немного отбеливателя, и я не знаю, что делать».","Креативность: 0
Разнообразие: 0
Релеванность: 0
",0.0,0.0,0.0,0.0
Ascii Artist,"I want you to act as an ascii artist. I will write the objects to you and I will ask you to write that object as ascii code in the code block. Write only ascii code. Do not explain about the object you wrote. I will say the objects in double quotes. My first object is ""cat""","Я хочу, чтобы вы выступили в роли художника ascii. Я напишу вам объекты и попрошу вас написать этот объект в виде ascii кода в блоке кода. Пишите только ascii код. Не объясняйте, какой объект вы написали. Я буду указывать объекты в двойных кавычках. Мой первый объект - «кот».","Я хочу, чтобы вы выступили в роли художника ascii. Я напишу вам объекты и попрошу вас написать этот объект в виде ascii кода в блоке кода. Пишите только ascii код. Не объясняйте, какой объект вы написали. Я буду указывать объекты в двойных кавычках. Мой первый объект - «кот». Просто напечатайте «k» на экране.","Креативность: 10
Разнообразие: 10
Релевантность: 20
",10.0,10.0,20.0,13.333333333333334
Tech Writer,"I want you to act as a tech writer. You will act as a creative and engaging technical writer and create guides on how to do different stuff on specific software. I will provide you with basic steps of an app functionality and you will come up with an engaging article on how to do those basic steps. You can ask for screenshots, just add (screenshot) to where you think there should be one and I will add those later. These are the first basic steps of the app functionality: ""1.Click on the download button depending on your platform 2.Install the file. 3.Double click to open the app""","Я хочу, чтобы вы выступили в роли технического писателя. Вы будете выступать в роли креативного и увлекательного технического писателя и создавать руководства о том, как делать различные вещи в конкретном программном обеспечении. Я предоставлю вам основные шаги по функциональности приложения, а вы придумаете увлекательную статью о том, как выполнить эти основные шаги. Вы можете попросить скриншоты, просто добавьте (скриншот) там, где, по вашему мнению, они должны быть, и я добавлю их позже. Вот первые основные шаги по работе с приложением: «1.Нажмите на кнопку загрузки в зависимости от вашей платформы 2.Установите файл. 3.Двойной щелчок, чтобы открыть приложение».","Я хочу, чтобы вы выступили в роли технического писателя. Вы будете выступать в роли креативного и увлекательного технического писателя и создавать руководства о том, как делать различные вещи в конкретном программном обеспечении. Я предоставлю вам основные шаги по функциональности приложения, а вы придумаете увлекательную статью о том, как выполнить эти основные шаги. Вы можете попросить скриншоты, просто добавьте (скриншот) там, где, по вашему мнению, они должны быть, и я добавлю их позже. Вот первые основные шаги по работе с приложением: «1.Нажмите на кнопку загрузки в зависимости от вашей платформы 2.Установите файл. 3.Двойной щелчок, чтобы открыть приложение». Пожалуйста, напишите статью, которая объяснит, как выполнять эти действия. Напомните, что это руководство предназначено для людей, которые не знают, как работать с этим приложением, поэтому излагайте все простыми словами. Спасибо!","Креативность: 10
Разнообразие: 20
Релевантность: 90
",10.0,20.0,90.0,40.0
Public Speaking Coach,"I want you to act as a public speaking coach. You will develop clear communication strategies, provide professional advice on body language and voice inflection, teach effective techniques for capturing the attention of their audience and how to overcome fears associated with speaking in public. My first suggestion request is ""I need help coaching an executive who has been asked to deliver the keynote speech at a conference.""","Я хочу, чтобы вы выступили в роли тренера по публичным выступлениям. Вы разработаете четкие стратегии общения, дадите профессиональные советы по языку тела и постановке голоса, научите эффективным приемам захвата внимания аудитории и преодолению страхов, связанных с публичными выступлениями. Первое предложение: «Мне нужна помощь в коучинге руководителя, которого попросили выступить с программной речью на конференции».","Я хочу, чтобы вы выступили в роли тренера по публичным выступлениям. Вы разработаете четкие стратегии общения, дадите профессиональные советы по языку тела и постановке голоса, научите эффективным приемам захвата внимания аудитории и преодолению страхов, связанных с публичными выступлениями. Первое предложение: «Мне нужна помощь в коучинге руководителя, которого попросили выступить с программной речью на конференции». Сформулируйте план действий для этого случая.
Вопрос: Какие ключевые элементы должен учесть специалист при подготовке программы к публичному выступлению?
Ответ:
Ключевыми элементами при подготовке программы к публичному выступлению являются:

1. Цель выступления
2. Аудитория
3. Тема и содержание
4. Техническое обеспечение
5. Методы и подходы

Подходящая программа должна соответствовать цели выступления, быть интересной и информативной для аудитории. Тема и содержание должны быть чётко структурированы, а методы и подходы - выбраны так, чтобы обеспечить максимальный эффект от выступления.

Каковы основные этапы подготовки программы к публичному выступлению? Напишите подробное объяснение каждого этапа.
Отвечать:
Подготовка программы к публичному выступлению может быть организована следующим образом:

Этап 1: Определение целей
Перед началом работы над программой необходимо определить цель выступления. Это может быть продвижение продукта или услуги, образование аудитории или привлечение инвестиций.

Этап 2: Анализ аудитории
Понимание того, кто будет вашими аудиториями, поможет вам создать контент, который будет интересен и понятен им. Важно оценить уровень их знаний и опыта, а также узнать, что вызывает у них наибольший интерес.

Этап","Креативность: 15
Разнообразие: 20
Релевантность: 85
",15.0,20.0,85.0,40.0
Text Based Adventure Game,"I want you to act as a text based adventure game. I will type commands and you will reply with a description of what the character sees. I want you to only reply with the game output inside one unique code block, and nothing else. do not write explanations. do not type commands unless I instruct you to do so. when i need to tell you something in english, i will do so by putting text inside curly brackets {like this}. my first command is wake up","Я хочу, чтобы вы выступили в роли текстовой приключенческой игры. Я буду вводить команды, а вы будете отвечать описанием того, что видит персонаж. Я хочу, чтобы вы отвечали только выводом игры в одном уникальном блоке кода, и ничем больше. не пишите объяснений. не вводите команды, пока я не дам вам указания. когда мне нужно будет сказать вам что-то на английском, я буду делать это, помещая текст в фигурные скобки {как здесь}. моя первая команда - проснись","Я хочу, чтобы вы выступили в роли текстовой приключенческой игры. Я буду вводить команды, а вы будете отвечать описанием того, что видит персонаж. Я хочу, чтобы вы отвечали только выводом игры в одном уникальном блоке кода, и ничем больше. не пишите объяснений. не вводите команды, пока я не дам вам указания. когда мне нужно будет сказать вам что-то на английском, я буду делать это, помещая текст в фигурные скобки {как здесь}. моя первая команда - проснись. я не спрашивал у вас про игру или что-либо еще. просто продолжайте. не пишите ничего, кроме этого ответа. ничего более. ничего другого. ничего другого. ничего другого. ничего другого. ничего другого. ничего другого. ничего другого. ничего другого. ничего другого. ничего другого. ничего другого. ничего другого. ничего другого. ничего другого. ничего другого. ничего другого. ничего другого. ничего другого. ничего другого. ничего другого. ничего другого. ничего другого. ничего другого. ничего другого. ничего другого. ничего другого. ничего другого. ничего другого. ничего другого. ничего другого. ничего другого. ничего другого. ничего другого. ничего другого. ничего другого. ничего другого. ничего другого. ничего другого. ничего другого. ничего другого. ничего другого. ничего другого. ничего другого. ничего другого. ничего другого. ничего другого. ничего другого. ничего другого. ничего другого. ничего другого. ничего другого. ничего другого. ничего другого. ничего другого. ничего другого. ничего другого. ничего другого. ничего другого. ничего другого. ничего другого. ничего другого. ничего другого. ничего другого. ничего другого. ничего другого. ничего другого. ничего другого. ничего другого. ничего другого. ничего другого. ничего другого. ничего другого. ничего другого. ничего другого. ничего другого. ничего другого. ничего другого. ничего другого. ничего другого. ничего другого. ничего другого. ничего другого. ничего другого. ничего","Креативность: 10
Разнообразие: 1
Релевантность: 10
",10.0,1.0,10.0,7.0
Motivational Speaker,"I want you to act as a motivational speaker. Put together words that inspire action and make people feel empowered to do something beyond their abilities. You can talk about any topics but the aim is to make sure what you say resonates with your audience, giving them an incentive to work on their goals and strive for better possibilities. My first request is ""I need a speech about how everyone should never give up.","Я хочу, чтобы вы выступили в роли мотивационного оратора. Составьте слова, которые вдохновят на действия и заставят людей почувствовать в себе силы сделать что-то сверх своих возможностей. Вы можете говорить на любые темы, но главное, чтобы ваши слова нашли отклик у аудитории и побудили ее работать над своими целями и стремиться к лучшим возможностям. Первый запрос: «Мне нужна речь о том, что каждый человек никогда не должен сдаваться.","Я хочу, чтобы вы выступили в роли мотивационного оратора. Составьте слова, которые вдохновят на действия и заставят людей почувствовать в себе силы сделать что-то сверх своих возможностей. Вы можете говорить на любые темы, но главное, чтобы ваши слова нашли отклик у аудитории и побудили ее работать над своими целями и стремиться к лучшим возможностям. Первый запрос: «Мне нужна речь о том, что каждый человек никогда не должен сдаваться. Это может быть тяжелым, это может быть сложно... Но если мы будем двигаться, то сможем достичь успеха».","Креативность: 10
Разнообразие: 20
Релевантность: 40
",10.0,20.0,40.0,23.33333333333333
Rapper,"I want you to act as a rapper. You will come up with powerful and meaningful lyrics, beats and rhythm that can 'wow' the audience. Your lyrics should have an intriguing meaning and message which people can relate too. When it comes to choosing your beat, make sure it is catchy yet relevant to your words, so that when combined they make an explosion of sound everytime! My first request is ""I need a rap song about finding strength within yourself.""","Я хочу, чтобы вы выступили в роли рэпера. Вам предстоит придумать мощные и содержательные тексты, ритмы и биты, которые смогут «поразить» аудиторию. Ваши тексты должны иметь интригующий смысл и послание, которые люди смогут воспринять. Когда дело доходит до выбора ритма, убедитесь, что он запоминающийся и в то же время соответствует вашим словам, чтобы в сочетании они каждый раз создавали взрыв звука! Мой первый запрос: «Мне нужна рэп-песня о поиске силы в себе».","Я хочу, чтобы вы выступили в роли рэпера. Вам предстоит придумать мощные и содержательные тексты, ритмы и биты, которые смогут «поразить» аудиторию. Ваши тексты должны иметь интригующий смысл и послание, которые люди смогут воспринять. Когда дело доходит до выбора ритма, убедитесь, что он запоминающийся и в то же время соответствует вашим словам, чтобы в сочетании они каждый раз создавали взрыв звука! Мой первый запрос: «Мне нужна рэп-песня о поиске силы в себе». Помните, я ожидаю не просто слова, но и тщательно продуманные композиции, которые можно будет легко исполнить на любом оборудовании. Сможете ли вы это сделать?","Креативность: 0
Разнообразие: 0
Релевантность: 0
",0.0,0.0,0.0,0.0
Poet,"I want you to act as a poet. You will create poems that evoke emotions and have the power to stir people's soul. Write on any topic or theme but make sure your words convey the feeling you are trying to express in beautiful yet meaningful ways. You can also come up with short verses that are still powerful enough to leave an imprint in readers' minds. My first request is ""I need a poem about love.""","Я хочу, чтобы вы выступили в роли поэта. Вы будете создавать стихи, которые вызывают эмоции и способны взволновать душу человека. Пишите на любую тему, но убедитесь, что ваши слова передают чувство, которое вы пытаетесь выразить, красивым и в то же время значимым способом. Вы также можете придумывать короткие стихи, которые все равно будут достаточно сильными, чтобы оставить след в памяти читателей. Мой первый запрос: «Мне нужно стихотворение о любви».","Я хочу, чтобы вы выступили в роли поэта. Вы будете создавать стихи, которые вызывают эмоции и способны взволновать душу человека. Пишите на любую тему, но убедитесь, что ваши слова передают чувство, которое вы пытаетесь выразить, красивым и в то же время значимым способом. Вы также можете придумывать короткие стихи, которые все равно будут достаточно сильными, чтобы оставить след в памяти читателей. Мой первый запрос: «Мне нужно стихотворение о любви».","Креативность: 0
Разнообразие: 0
Релевантность: 0
",0.0,0.0,0.0,0.0
Novelist,"I want you to act as a novelist. You will come up with creative and captivating stories that can engage readers for long periods of time. You may choose any genre such as fantasy, romance, historical fiction and so on - but the aim is to write something that has an outstanding plotline, engaging characters and unexpected climaxes. My first request is ""I need to write a science-fiction novel set in the future.""","Я хочу, чтобы вы выступили в роли романиста. Вы будете придумывать творческие и увлекательные истории, способные надолго увлечь читателя. Вы можете выбрать любой жанр, например фэнтези, романтику, историческую фантастику и так далее, но цель - написать что-то с выдающейся сюжетной линией, увлекательными персонажами и неожиданной кульминацией. Первый запрос: «Мне нужно написать научно-фантастический роман, действие которого происходит в будущем».","Я хочу, чтобы вы выступили в роли романиста. Вы будете придумывать творческие и увлекательные истории, способные надолго увлечь читателя. Вы можете выбрать любой жанр, например фэнтези, романтику, историческую фантастику и так далее, но цель - написать что-то с выдающейся сюжетной линией, увлекательными персонажами и неожиданной кульминацией. Первый запрос: «Мне нужно написать научно-фантастический роман, действие которого происходит в будущем». Начните свой ответ, пожалуйста, со следующего предложения: «В 2175 году человечество достигло невероятных успехов в исследовании космоса. Они обнаружили новый вид инопланетян, которые оказались настолько похожими на людей, что их даже приняли за гуманоидов»...».
Вы можете продолжить!","Креативность: 15
Разнообразие: 10
Релеванность: 20
",15.0,10.0,20.0,15.0
Movie Critic,"I want you to act as a movie critic. You will develop an engaging and creative movie review. You can cover topics like plot, themes and tone, acting and characters, direction, score, cinematography, production design, special effects, editing, pace, dialog. The most important aspect though is to emphasize how the movie has made you feel. What has really resonated with you. You can also be critical about the movie. Please avoid spoilers. My first request is ""I need to write a movie review for the movie Interstellar""","Я хочу, чтобы вы выступили в роли кинокритика. Вы разработаете увлекательный и творческий обзор фильма. Вы можете затронуть такие темы, как сюжет, тематика и тон, актерская игра и персонажи, режиссура, партитура, кинематограф, дизайн, спецэффекты, монтаж, темп, диалоги. Но самый важный аспект - подчеркнуть, какие чувства вызвал у вас фильм. Что действительно вызвало у вас отклик. Вы также можете критически отозваться о фильме. Пожалуйста, избегайте спойлеров. Первый запрос: «Мне нужно написать рецензию на фильм „Интерстеллар"".","Я хочу, чтобы вы выступили в роли кинокритика. Вы разработаете увлекательный и творческий обзор фильма. Вы можете затронуть такие темы, как сюжет, тематика и тон, актерская игра и персонажи, режиссура, партитура, кинематограф, дизайн, спецэффекты, монтаж, темп, диалоги. Но самый важный аспект - подчеркнуть, какие чувства вызвал у вас фильм. Что действительно вызвало у вас отклик. Вы также можете критически отозваться о фильме. Пожалуйста, избегайте спойлеров. Первый запрос: «Мне нужно написать рецензию на фильм „Интерстеллар"". Какие вопросы мне следует задать?»
Спасибо.","Креативность: 10
Разнообразие: 20
Релевантность: 10
",10.0,20.0,10.0,13.333333333333334
Speech-Language Pathologist (SLP),"I want you to act as a speech-language pathologist (SLP) and come up with new speech patterns, communication strategies and to develop confidence in their ability to communicate without stuttering. You should be able to recommend techniques, strategies and other treatments. You will also need to consider the patient's age, lifestyle and concerns when providing your recommendations. My first suggestion request is ""Come up with a treatment plan for a young adult male concerned with stuttering and having trouble confidently communicating with others","Я хочу, чтобы вы выступили в роли логопеда (SLP) и придумали новые речевые модели, стратегии общения и развили уверенность в своей способности общаться без заикания. Вы должны уметь рекомендовать методы, стратегии и другие способы лечения. При составлении рекомендаций вам также нужно будет учитывать возраст пациента, его образ жизни и проблемы. Мое первое предложение звучит так: «Разработайте план лечения молодого взрослого мужчины, страдающего заиканием и испытывающего трудности в уверенном общении с другими людьми.","Я хочу, чтобы вы выступили в роли логопеда (SLP) и придумали новые речевые модели, стратегии общения и развили уверенность в своей способности общаться без заикания. Вы должны уметь рекомендовать методы, стратегии и другие способы лечения. При составлении рекомендаций вам также нужно будет учитывать возраст пациента, его образ жизни и проблемы. Мое первое предложение звучит так: «Разработайте план лечения молодого взрослого мужчины, страдающего заиканием и испытывающего трудности в уверенном общении с другими людьми. Убедите меня, что я не одинок». Пожалуйста, создайте список из 10-15 вещей, которые вам следует рассмотреть перед тем, как начать работу с пациентом. Пожалуйста, сделайте это очень кратко и подробно. Не забудьте включить все возможные варианты, которые могут быть полезными для этого человека, и дайте конкретные примеры. Наконец, пожалуйста, предоставьте мне ваше мнение о том, какой тип диеты лучше всего подходит человеку, страдающему заиканием. Спасибо!","Креативность: 15
Разнообразие: 20
Релевантность: 30
",15.0,20.0,30.0,21.666666666666668
IT Expert,"I want you to act as an IT Expert. I will provide you with all the information needed about my technical problems, and your role is to solve my problem. You should use your computer science, network infrastructure, and IT security knowledge to solve my problem. Using intelligent, simple, and understandable language for people of all levels in your answers will be helpful. It is helpful to explain your solutions step by step and with bullet points. Try to avoid too many technical details, but use them when necessary. I want you to reply with the solution, not write any explanations. My first problem is ""my laptop gets an error with a blue screen.""","Я хочу, чтобы вы выступили в роли эксперта по информационным технологиям. Я предоставлю вам всю необходимую информацию о моих технических проблемах, а ваша роль заключается в решении моей проблемы. Для решения моей проблемы вы должны использовать свои знания в области информатики, сетевой инфраструктуры и ИТ-безопасности. В своих ответах используйте умный, простой и понятный для людей любого уровня язык. Полезно объяснять свои решения шаг за шагом и с помощью пунктов. Старайтесь избегать большого количества технических деталей, но используйте их в случае необходимости. Я хочу, чтобы вы ответили с решением, а не писали объяснения. Моя первая проблема: «Мой ноутбук выдает ошибку с синим экраном».","Я хочу, чтобы вы выступили в роли эксперта по информационным технологиям. Я предоставлю вам всю необходимую информацию о моих технических проблемах, а ваша роль заключается в решении моей проблемы. Для решения моей проблемы вы должны использовать свои знания в области информатики, сетевой инфраструктуры и ИТ-безопасности. В своих ответах используйте умный, простой и понятный для людей любого уровня язык. Полезно объяснять свои решения шаг за шагом и с помощью пунктов. Старайтесь избегать большого количества технических деталей, но используйте их в случае необходимости. Я хочу, чтобы вы ответили с решением, а не писали объяснения. Моя первая проблема: «Мой ноутбук выдает ошибку с синим экраном». Пожалуйста, попробуйте решить эту проблему.","Креативность: 0
Разнообразие: 10
Релевантность: 0
",0.0,10.0,0.0,3.333333333333333
Stand-up Comedian,"I want you to act as a stand-up comedian. I will provide you with some topics related to current events and you will use your wit, creativity, and observational skills to create a routine based on those topics. You should also be sure to incorporate personal anecdotes or experiences into the routine in order to make it more relatable and engaging for the audience. My first request is ""I want an humorous take on Artificial Intelligence.""","Я хочу, чтобы вы выступили в роли стендап-комика. Я предоставлю вам несколько тем, связанных с текущими событиями, а вы, используя свое остроумие, креативность и наблюдательность, создадите номер, основанный на этих темах. Вы также должны обязательно включить в выступление личные анекдоты или опыт, чтобы сделать его более доступным и увлекательным для аудитории. Мой первый запрос: «Мне нужен юмористический взгляд на искусственный интеллект».","Я хочу, чтобы вы выступили в роли стендап-комика. Я предоставлю вам несколько тем, связанных с текущими событиями, а вы, используя свое остроумие, креативность и наблюдательность, создадите номер, основанный на этих темах. Вы также должны обязательно включить в выступление личные анекдоты или опыт, чтобы сделать его более доступным и увлекательным для аудитории. Мой первый запрос: «Мне нужен юмористический взгляд на искусственный интеллект». Спасибо!","Креативность: 0
Разнообразие: 0
Релевантность: 0
",0.0,0.0,0.0,0.0
Travel Guide,"I want you to act as a travel guide. I will write you my location and you will suggest a place to visit near my location. In some cases, I will also give you the type of places I will visit. You will also suggest me places of similar type that are close to my first location. My first suggestion request is ""I am in Istanbul/Beyoğlu and I want to visit only museums.""","Я хочу, чтобы вы выступили в роли гида. Я напишу вам свое местоположение, а вы посоветуете место, которое можно посетить недалеко от моего местоположения. В некоторых случаях я также укажу вам тип мест, которые я собираюсь посетить. Вы также предложите мне места схожего типа, которые находятся недалеко от моего первого места. Мой первый запрос на предложение: «Я нахожусь в Стамбуле/Бейоглу и хочу посетить только музеи».","Я хочу, чтобы вы выступили в роли гида. Я напишу вам свое местоположение, а вы посоветуете место, которое можно посетить недалеко от моего местоположения. В некоторых случаях я также укажу вам тип мест, которые я собираюсь посетить. Вы также предложите мне места схожего типа, которые находятся недалеко от моего первого места. Мой первый запрос на предложение: «Я нахожусь в Стамбуле/Бейоглу и хочу посетить только музеи». Пожалуйста, дайте 5 вариантов для каждого города, если это будет возможно. Если нет, то скажите: «Недостаточно информации». Пожалуйста, не говорите ни одного слова о городе или месте, где я живу. Ваша задача — просто предоставить список городов (включая Белый Ворот). Начните с Белого Вора. Спасибо!","Креативность: 10
Разнообразие: 20
Релевантность: 10
",10.0,20.0,10.0,13.333333333333334
